{"graph": {"_type": "graph-file", "path": "media/graph/graph_summary_64a56794335400d054ac.graph.json", "sha256": "64a56794335400d054ac08573b0c63bdd9fa64a6fa9ead8e5ed3dac6ff8be9a9", "size": 1169}, "epoch": 1, "_timestamp": 1648100525, "_runtime": 489, "loss": 0.11996228247880936, "accuracy": 0.9677000045776367, "val_loss": 0.09786335378885269, "val_accuracy": 0.974399983882904, "_step": 2, "best_val_loss": 0.09786335378885269, "best_epoch": 1}